chain, residue_label, residue_name, score, zscore, probability, pocket
A,    1, MET,  0.0223,  -0.3830,   0.0003, 0
A,    2, THR,  0.0704,  -0.3583,   0.0010, 0
A,    3, ALA,  0.0658,  -0.3607,   0.0009, 0
A,    4, SER,  0.1047,  -0.3407,   0.0018, 0
A,    5, PRO,  0.0612,  -0.3631,   0.0009, 0
A,    6, HIS,  0.2909,  -0.2452,   0.0098, 0
A,    7, PRO,  0.1807,  -0.3018,   0.0043, 0
A,    8, ALA,  0.2679,  -0.2570,   0.0085, 0
A,    9, ALA,  0.1966,  -0.2936,   0.0049, 0
A,   10, ASP,  0.0494,  -0.3691,   0.0007, 0
A,   11, MET,  0.2961,  -0.2426,   0.0101, 9
A,   12, LEU,  0.3424,  -0.2188,   0.0133, 9
A,   13, PRO,  0.1723,  -0.3061,   0.0040, 0
A,   14, LYS,  0.0637,  -0.3618,   0.0009, 0
A,   15, SER,  0.0557,  -0.3659,   0.0008, 0
A,   16, TRP,  0.5558,  -0.1093,   0.0338, 13
A,   17, ASP,  0.0363,  -0.3758,   0.0005, 0
A,   18, PRO,  0.3029,  -0.2391,   0.0106, 13
A,   19, ALA,  0.1256,  -0.3300,   0.0024, 0
A,   20, ALA,  0.0590,  -0.3642,   0.0008, 0
A,   21, MET,  0.4487,  -0.1642,   0.0222, 9
A,   22, GLU,  0.2684,  -0.2567,   0.0085, 13
A,   23, SER,  0.1810,  -0.3016,   0.0043, 0
A,   24, ALA,  0.1141,  -0.3359,   0.0020, 9
A,   25, ILE,  0.4855,  -0.1454,   0.0259, 9
A,   26, TYR,  0.0803,  -0.3533,   0.0012, 0
A,   27, GLN,  0.0371,  -0.3754,   0.0005, 0
A,   28, LYS,  0.5557,  -0.1094,   0.0338, 9
A,   29, TRP,  0.3461,  -0.2169,   0.0135, 0
A,   30, LEU,  0.4021,  -0.1881,   0.0180, 0
A,   31, ASP,  0.0543,  -0.3666,   0.0008, 0
A,   32, ALA,  0.1104,  -0.3379,   0.0019, 0
A,   33, GLY,  0.4655,  -0.1556,   0.0239, 0
A,   34, TYR,  0.6909,  -0.0400,   0.0521, 14
A,   35, PHE,  0.5130,  -0.1313,   0.0288, 0
A,   36, THR,  0.6268,  -0.0729,   0.0429, 14
A,   37, ALA,  0.1303,  -0.3276,   0.0025, 0
A,   38, ASP,  0.1935,  -0.2952,   0.0048, 14
A,   39, PRO,  0.0486,  -0.3695,   0.0007, 0
A,   40, THR,  0.0379,  -0.3750,   0.0005, 0
A,   41, SER,  0.1843,  -0.2999,   0.0044, 0
A,   42, THR,  0.0565,  -0.3655,   0.0008, 0
A,   43, LYS,  0.4763,  -0.1501,   0.0249, 14
A,   44, PRO,  0.0640,  -0.3616,   0.0009, 0
A,   45, ALA,  0.3009,  -0.2401,   0.0104, 0
A,   46, TYR,  0.9125,   0.0737,   0.0904, 7
A,   47, SER,  0.2774,  -0.2521,   0.0090, 0
A,   48, ILE,  0.3574,  -0.2111,   0.0144, 0
A,   49, VAL,  0.1591,  -0.3128,   0.0035, 0
A,   50, LEU,  0.9056,   0.0702,   0.0890, 0
A,   51, PRO,  4.1732,   1.7468,   0.6893, 1
A,   52, PRO,  3.9421,   1.6282,   0.6620, 1
A,   53, PRO,  2.5422,   0.9100,   0.4466, 1
A,   54, ASN,  5.6768,   2.5184,   0.8209, 1
A,   55, VAL,  0.1405,  -0.3224,   0.0028, 0
A,   56, THR,  0.6265,  -0.0730,   0.0429, 1
A,   57, GLY,  0.4244,  -0.1767,   0.0200, 1
A,   58, SER,  0.3947,  -0.1919,   0.0174, 1
A,   59, LEU,  0.1225,  -0.3316,   0.0023, 0
A,   60, HIS,  8.2937,   3.8611,   0.9290, 1
A,   61, MET,  1.5676,   0.4099,   0.2387, 0
A,   62, GLY,  6.7410,   3.0644,   0.8782, 1
A,   63, HIS,  7.5413,   3.4751,   0.9075, 1
A,   64, ALA,  0.0194,  -0.3845,   0.0003, 0
A,   65, LEU,  1.2001,   0.2213,   0.1524, 0
A,   66, GLU,  7.7752,   3.5951,   0.9147, 1
A,   67, HIS,  0.0194,  -0.3845,   0.0003, 0
A,   68, THR,  0.0194,  -0.3845,   0.0003, 0
A,   69, MET,  0.2814,  -0.2501,   0.0093, 0
A,   70, MET,  0.0000,  -0.3945,   0.0001, 0
A,   71, ASP,  0.0194,  -0.3845,   0.0003, 0
A,   72, ALA,  0.0100,  -0.3893,   0.0002, 0
A,   73, LEU,  0.7005,  -0.0350,   0.0535, 7
A,   74, THR,  0.0707,  -0.3582,   0.0010, 0
A,   75, ARG,  0.0787,  -0.3541,   0.0012, 0
A,   76, ARG,  0.6004,  -0.0864,   0.0395, 7
A,   77, LYS,  0.9006,   0.0676,   0.0881, 7
A,   78, ARG,  0.4538,  -0.1616,   0.0227, 14
A,   79, MET,  0.2255,  -0.2788,   0.0063, 0
A,   80, GLN,  0.4323,  -0.1726,   0.0207, 0
A,   81, GLY,  0.0605,  -0.3635,   0.0009, 0
A,   82, TYR,  0.4498,  -0.1637,   0.0223, 7
A,   83, GLU,  0.2287,  -0.2771,   0.0064, 14
A,   84, VAL,  0.1729,  -0.3058,   0.0040, 14
A,   85, LEU,  0.1808,  -0.3017,   0.0043, 0
A,   86, TRP,  0.0000,  -0.3945,   0.0001, 0
A,   87, GLN,  0.1641,  -0.3103,   0.0036, 0
A,   88, PRO,  1.6211,   0.4373,   0.2515, 0
A,   89, GLY,  2.7915,   1.0379,   0.4916, 0
A,   90, THR,  3.2483,   1.2722,   0.5667, 4
A,   91, ASP,  3.3065,   1.3021,   0.5757, 1
A,   92, HIS,  0.2818,  -0.2499,   0.0093, 0
A,   93, ALA,  3.1205,   1.2067,   0.5467, 1
A,   94, GLY,  1.4000,   0.3239,   0.1989, 0
A,   95, ILE,  1.9807,   0.6218,   0.3324, 1
A,   96, ALA,  1.5700,   0.4111,   0.2393, 1
A,   97, THR,  0.1717,  -0.3064,   0.0039, 0
A,   98, GLN,  0.4863,  -0.1450,   0.0260, 0
A,   99, SER,  0.3905,  -0.1941,   0.0170, 0
A,  100, VAL,  0.2209,  -0.2811,   0.0060, 0
A,  101, VAL,  0.0031,  -0.3929,   0.0002, 0
A,  102, GLU,  0.7542,  -0.0075,   0.0619, 0
A,  103, GLN,  0.1558,  -0.3145,   0.0033, 0
A,  104, GLN,  0.0770,  -0.3550,   0.0012, 0
A,  105, LEU,  0.0714,  -0.3578,   0.0011, 0
A,  106, ALA,  0.0129,  -0.3879,   0.0003, 0
A,  107, VAL,  0.0124,  -0.3881,   0.0003, 0
A,  108, ASP,  0.0596,  -0.3639,   0.0008, 0
A,  109, GLY,  0.0030,  -0.3929,   0.0002, 0
A,  110, LYS,  0.0753,  -0.3558,   0.0011, 0
A,  111, THR,  0.1928,  -0.2955,   0.0048, 0
A,  112, LYS,  0.9344,   0.0850,   0.0948, 0
A,  113, GLU,  0.6213,  -0.0757,   0.0422, 0
A,  114, ASP,  0.0124,  -0.3881,   0.0003, 0
A,  115, LEU,  0.1000,  -0.3432,   0.0017, 0
A,  116, GLY,  0.0555,  -0.3660,   0.0008, 0
A,  117, ARG,  0.4837,  -0.1463,   0.0257, 0
A,  118, GLU,  0.2380,  -0.2724,   0.0069, 0
A,  119, LEU,  0.0519,  -0.3678,   0.0007, 0
A,  120, PHE,  0.0041,  -0.3924,   0.0002, 0
A,  121, VAL,  0.3630,  -0.2082,   0.0148, 6
A,  122, ASP,  0.0645,  -0.3614,   0.0009, 0
A,  123, LYS,  0.0892,  -0.3487,   0.0014, 0
A,  124, VAL,  0.0007,  -0.3941,   0.0001, 0
A,  125, TRP,  0.6465,  -0.0628,   0.0457, 6
A,  126, ASP,  0.0341,  -0.3770,   0.0005, 0
A,  127, TRP,  0.3025,  -0.2393,   0.0105, 0
A,  128, LYS,  0.6845,  -0.0433,   0.0511, 4
A,  129, ARG,  0.1510,  -0.3170,   0.0032, 4
A,  130, GLU,  0.2113,  -0.2860,   0.0056, 0
A,  131, SER,  0.2590,  -0.2616,   0.0080, 0
A,  132, GLY,  3.3607,   1.3299,   0.5837, 4
A,  133, GLY,  1.7122,   0.4841,   0.2727, 4
A,  134, ALA,  0.1906,  -0.2967,   0.0047, 0
A,  135, ILE,  3.1259,   1.2095,   0.5476, 0
A,  136, GLY,  3.2985,   1.2980,   0.5746, 4
A,  137, GLY,  0.4927,  -0.1416,   0.0266, 0
A,  138, GLN,  0.0718,  -0.3576,   0.0011, 0
A,  139, MET,  2.5640,   0.9211,   0.4506, 4
A,  140, ARG,  0.4778,  -0.1493,   0.0251, 4
A,  141, ARG,  0.2082,  -0.2876,   0.0054, 0
A,  142, LEU,  0.0491,  -0.3693,   0.0007, 0
A,  143, GLY,  0.0443,  -0.3717,   0.0006, 0
A,  144, ASP,  0.0194,  -0.3845,   0.0003, 0
A,  145, GLY,  0.0905,  -0.3480,   0.0014, 0
A,  146, VAL,  0.7726,   0.0020,   0.0649, 0
A,  147, ASP,  0.3433,  -0.2183,   0.0133, 0
A,  148, TRP,  3.5289,   1.4162,   0.6080, 4
A,  149, SER,  0.3870,  -0.1959,   0.0167, 0
A,  150, ARG,  0.0879,  -0.3494,   0.0014, 0
A,  151, ASP,  3.3276,   1.3130,   0.5788, 4
A,  152, ARG,  0.7284,  -0.0207,   0.0578, 11
A,  153, PHE,  0.1829,  -0.3006,   0.0044, 0
A,  154, THR,  0.1927,  -0.2956,   0.0048, 0
A,  155, MET,  0.6577,  -0.0570,   0.0472, 6
A,  156, ASP,  0.3147,  -0.2330,   0.0113, 11
A,  157, GLU,  0.2864,  -0.2475,   0.0096, 0
A,  158, GLY,  0.3924,  -0.1931,   0.0172, 11
A,  159, LEU,  0.3897,  -0.1945,   0.0170, 11
A,  160, SER,  0.4434,  -0.1669,   0.0217, 6
A,  161, ARG,  0.0664,  -0.3604,   0.0010, 0
A,  162, ALA,  0.0820,  -0.3524,   0.0013, 0
A,  163, VAL,  0.1205,  -0.3326,   0.0022, 0
A,  164, ARG,  0.3826,  -0.1982,   0.0164, 6
A,  165, THR,  0.2500,  -0.2662,   0.0075, 0
A,  166, ILE,  0.0485,  -0.3696,   0.0007, 0
A,  167, PHE,  0.0227,  -0.3828,   0.0004, 0
A,  168, LYS,  0.1347,  -0.3254,   0.0026, 0
A,  169, ARG,  0.3053,  -0.2378,   0.0107, 0
A,  170, LEU,  0.0546,  -0.3665,   0.0008, 0
A,  171, TYR,  0.2701,  -0.2559,   0.0086, 0
A,  172, ASP,  0.1790,  -0.3026,   0.0042, 0
A,  173, ALA,  0.0896,  -0.3485,   0.0014, 0
A,  174, GLY,  0.1273,  -0.3292,   0.0024, 0
A,  175, LEU,  0.1685,  -0.3080,   0.0038, 0
A,  176, ILE,  0.1563,  -0.3143,   0.0034, 0
A,  177, TYR,  0.3392,  -0.2204,   0.0130, 0
A,  178, ARG,  0.3720,  -0.2036,   0.0156, 15
A,  179, ALA,  0.1565,  -0.3142,   0.0034, 0
A,  180, GLU,  0.2087,  -0.2874,   0.0055, 0
A,  181, ARG,  0.4707,  -0.1530,   0.0244, 0
A,  182, LEU,  0.9371,   0.0864,   0.0953, 3
A,  183, VAL,  1.2431,   0.2434,   0.1623, 3
A,  184, ASN,  1.6433,   0.4487,   0.2566, 3
A,  185, TRP,  0.6540,  -0.0589,   0.0467, 0
A,  186, SER,  0.0218,  -0.3833,   0.0003, 0
A,  187, PRO,  0.1233,  -0.3312,   0.0023, 0
A,  188, VAL,  0.5928,  -0.0903,   0.0385, 0
A,  189, LEU,  0.8640,   0.0489,   0.0811, 0
A,  190, GLN,  0.8433,   0.0382,   0.0773, 0
A,  191, THR,  0.4003,  -0.1891,   0.0178, 0
A,  192, ALA,  0.7970,   0.0145,   0.0691, 0
A,  193, ILE,  2.1423,   0.7048,   0.3670, 3
A,  194, SER,  6.5471,   2.9649,   0.8698, 3
A,  195, ASP,  3.9920,   1.6538,   0.6682, 3
A,  196, LEU,  2.7224,   1.0024,   0.4794, 0
A,  197, GLU,  3.0247,   1.1576,   0.5315, 1
A,  198, VAL,  0.4063,  -0.1860,   0.0184, 10
A,  199, ASN,  0.1309,  -0.3273,   0.0025, 0
A,  200, TYR,  1.0979,   0.1689,   0.1291, 10
A,  201, ARG,  0.1671,  -0.3087,   0.0038, 0
A,  202, ASP,  0.0346,  -0.3767,   0.0005, 0
A,  203, VAL,  1.5138,   0.3823,   0.2256, 2
A,  204, GLU,  0.8908,   0.0626,   0.0862, 2
A,  205, GLY,  1.1704,   0.2061,   0.1455, 2
A,  206, GLU,  0.8784,   0.0562,   0.0838, 2
A,  207, LEU,  0.6943,  -0.0382,   0.0526, 2
A,  208, VAL,  0.0000,  -0.3945,   0.0001, 0
A,  209, SER,  0.3442,  -0.2179,   0.0134, 0
A,  210, PHE,  0.0000,  -0.3945,   0.0001, 0
A,  211, ARG,  0.2911,  -0.2451,   0.0098, 0
A,  212, TYR,  0.0393,  -0.3743,   0.0005, 0
A,  213, GLY,  0.1266,  -0.3295,   0.0024, 0
A,  214, SER,  0.1158,  -0.3350,   0.0021, 0
A,  215, LEU,  0.0851,  -0.3508,   0.0013, 0
A,  216, ASP,  0.0306,  -0.3788,   0.0004, 0
A,  217, ASP,  0.3581,  -0.2107,   0.0144, 0
A,  218, SER,  0.0321,  -0.3780,   0.0005, 0
A,  219, GLN,  0.1640,  -0.3103,   0.0036, 0
A,  220, PRO,  0.1946,  -0.2946,   0.0049, 0
A,  221, HIS,  0.9070,   0.0709,   0.0893, 0
A,  222, ILE,  0.6227,  -0.0750,   0.0424, 0
A,  223, VAL,  0.6978,  -0.0364,   0.0531, 0
A,  224, VAL,  0.0996,  -0.3433,   0.0016, 0
A,  225, ALA,  1.1700,   0.2059,   0.1454, 2
A,  226, THR,  1.5360,   0.3937,   0.2309, 2
A,  227, THR,  2.8337,   1.0595,   0.4989, 2
A,  228, ARG,  2.1080,   0.6871,   0.3596, 2
A,  229, VAL,  0.0099,  -0.3894,   0.0002, 0
A,  230, GLU,  0.5377,  -0.1186,   0.0316, 0
A,  231, THR,  0.2285,  -0.2772,   0.0064, 2
A,  232, MET,  0.0000,  -0.3945,   0.0001, 0
A,  233, LEU,  0.0646,  -0.3613,   0.0009, 0
A,  234, GLY,  0.0147,  -0.3869,   0.0003, 0
A,  235, ASP,  0.0711,  -0.3580,   0.0010, 0
A,  236, THR,  0.1816,  -0.3013,   0.0043, 0
A,  237, ALA,  0.0111,  -0.3888,   0.0002, 0
A,  238, ILE,  0.0000,  -0.3945,   0.0001, 0
A,  239, ALA,  0.0000,  -0.3945,   0.0001, 0
A,  240, VAL,  0.0010,  -0.3940,   0.0001, 0
A,  241, HIS,  0.0148,  -0.3869,   0.0003, 0
A,  242, PRO,  0.0175,  -0.3855,   0.0003, 0
A,  243, ASP,  0.0165,  -0.3860,   0.0003, 0
A,  244, ASP,  0.0134,  -0.3876,   0.0003, 0
A,  245, GLU,  0.0392,  -0.3744,   0.0005, 0
A,  246, ARG,  0.5811,  -0.0963,   0.0369, 0
A,  247, TYR,  0.7839,   0.0077,   0.0668, 0
A,  248, ARG,  0.0534,  -0.3671,   0.0007, 0
A,  249, HIS,  0.3270,  -0.2267,   0.0122, 0
A,  250, LEU,  0.5755,  -0.0992,   0.0362, 0
A,  251, VAL,  0.1367,  -0.3243,   0.0027, 0
A,  252, GLY,  0.1338,  -0.3258,   0.0026, 0
A,  253, THR,  0.0596,  -0.3639,   0.0008, 0
A,  254, SER,  0.0346,  -0.3767,   0.0005, 0
A,  255, LEU,  0.0823,  -0.3523,   0.0013, 0
A,  256, ALA,  0.1003,  -0.3430,   0.0017, 0
A,  257, HIS,  0.0493,  -0.3692,   0.0007, 0
A,  258, PRO,  0.1442,  -0.3205,   0.0029, 0
A,  259, PHE,  0.1438,  -0.3207,   0.0029, 0
A,  260, VAL,  0.0760,  -0.3555,   0.0011, 0
A,  261, ASP,  0.0291,  -0.3795,   0.0004, 0
A,  262, ARG,  0.2123,  -0.2855,   0.0056, 0
A,  263, GLU,  0.0658,  -0.3607,   0.0010, 0
A,  264, LEU,  0.0143,  -0.3871,   0.0003, 0
A,  265, ALA,  0.0540,  -0.3668,   0.0008, 0
A,  266, ILE,  0.1421,  -0.3216,   0.0029, 0
A,  267, VAL,  0.1583,  -0.3133,   0.0034, 0
A,  268, ALA,  0.1573,  -0.3138,   0.0034, 0
A,  269, ASP,  0.0805,  -0.3532,   0.0012, 0
A,  270, GLU,  0.0272,  -0.3805,   0.0004, 0
A,  271, HIS,  0.3009,  -0.2401,   0.0105, 2
A,  272, VAL,  0.0721,  -0.3575,   0.0011, 2
A,  273, ASP,  0.0799,  -0.3535,   0.0012, 2
A,  274, PRO,  0.0162,  -0.3862,   0.0003, 0
A,  275, GLU,  0.0272,  -0.3805,   0.0004, 0
A,  276, PHE,  0.9679,   0.1021,   0.1014, 2
A,  277, GLY,  0.5374,  -0.1187,   0.0316, 2
A,  278, THR,  0.6318,  -0.0703,   0.0436, 2
A,  279, GLY,  0.0363,  -0.3759,   0.0005, 0
A,  280, ALA,  0.1843,  -0.2999,   0.0044, 2
A,  281, VAL,  1.4921,   0.3712,   0.2204, 2
A,  282, LYS,  1.4419,   0.3454,   0.2087, 2
A,  283, VAL,  0.2649,  -0.2585,   0.0083, 0
A,  284, THR,  1.0137,   0.1256,   0.1108, 2
A,  285, PRO,  0.0000,  -0.3945,   0.0001, 0
A,  286, ALA,  0.0012,  -0.3938,   0.0002, 0
A,  287, HIS,  0.1667,  -0.3089,   0.0037, 2
A,  288, ASP,  1.9079,   0.5845,   0.3167, 2
A,  289, PRO,  0.9314,   0.0834,   0.0942, 3
A,  290, ASN,  1.1741,   0.2080,   0.1463, 2
A,  291, ASP,  1.2450,   0.2443,   0.1627, 2
A,  292, PHE,  0.4164,  -0.1808,   0.0193, 0
A,  293, GLU,  0.3383,  -0.2209,   0.0130, 0
A,  294, ILE,  0.0634,  -0.3619,   0.0009, 0
A,  295, GLY,  0.0562,  -0.3656,   0.0008, 0
A,  296, VAL,  0.1503,  -0.3173,   0.0031, 0
A,  297, ARG,  0.0522,  -0.3677,   0.0007, 0
A,  298, HIS,  0.1805,  -0.3019,   0.0043, 0
A,  299, GLN,  0.0533,  -0.3671,   0.0007, 0
A,  300, LEU,  0.1259,  -0.3299,   0.0024, 0
A,  301, PRO,  0.2250,  -0.2790,   0.0062, 0
A,  302, MET,  0.3050,  -0.2380,   0.0107, 0
A,  303, PRO,  0.2273,  -0.2778,   0.0064, 0
A,  304, SER,  0.1006,  -0.3429,   0.0017, 0
A,  305, ILE,  0.0263,  -0.3810,   0.0004, 0
A,  306, LEU,  0.0541,  -0.3667,   0.0008, 0
A,  307, ASP,  0.0389,  -0.3745,   0.0005, 0
A,  308, THR,  0.4575,  -0.1597,   0.0231, 0
A,  309, LYS,  0.1409,  -0.3222,   0.0028, 0
A,  310, GLY,  0.0309,  -0.3786,   0.0004, 0
A,  311, ARG,  0.0643,  -0.3615,   0.0009, 0
A,  312, ILE,  0.0075,  -0.3906,   0.0002, 0
A,  313, VAL,  0.0500,  -0.3688,   0.0007, 0
A,  314, ASP,  0.0747,  -0.3561,   0.0011, 0
A,  315, THR,  0.0421,  -0.3729,   0.0006, 0
A,  316, GLY,  0.0642,  -0.3615,   0.0009, 0
A,  317, THR,  0.0698,  -0.3587,   0.0010, 0
A,  318, ARG,  0.1594,  -0.3127,   0.0035, 0
A,  319, PHE,  0.1262,  -0.3297,   0.0024, 0
A,  320, ASP,  0.0202,  -0.3841,   0.0003, 0
A,  321, GLY,  0.0133,  -0.3877,   0.0003, 0
A,  322, MET,  0.0514,  -0.3681,   0.0007, 0
A,  323, ASP,  0.1543,  -0.3153,   0.0033, 0
A,  324, ARG,  0.3981,  -0.1902,   0.0177, 0
A,  325, PHE,  1.3694,   0.3082,   0.1916, 2
A,  326, GLU,  0.0199,  -0.3843,   0.0003, 0
A,  327, ALA,  0.0026,  -0.3932,   0.0002, 0
A,  328, ARG,  2.1254,   0.6961,   0.3634, 2
A,  329, VAL,  0.0428,  -0.3725,   0.0006, 0
A,  330, ALA,  0.0528,  -0.3674,   0.0007, 0
A,  331, VAL,  0.0128,  -0.3879,   0.0003, 0
A,  332, ARG,  0.0443,  -0.3718,   0.0006, 0
A,  333, GLN,  0.0687,  -0.3592,   0.0010, 0
A,  334, ALA,  0.0834,  -0.3517,   0.0013, 0
A,  335, LEU,  0.0127,  -0.3879,   0.0003, 0
A,  336, ALA,  0.0262,  -0.3810,   0.0004, 0
A,  337, ALA,  0.0367,  -0.3757,   0.0005, 0
A,  338, GLN,  0.1246,  -0.3305,   0.0023, 0
A,  339, GLY,  0.0210,  -0.3837,   0.0003, 0
A,  340, ARG,  0.1410,  -0.3221,   0.0028, 0
A,  341, VAL,  0.0282,  -0.3800,   0.0004, 0
A,  342, VAL,  0.2648,  -0.2586,   0.0083, 0
A,  343, GLU,  0.2992,  -0.2410,   0.0103, 0
A,  344, GLU,  0.0344,  -0.3768,   0.0005, 0
A,  345, LYS,  0.4453,  -0.1660,   0.0219, 0
A,  346, ARG,  0.0521,  -0.3678,   0.0007, 0
A,  347, PRO,  0.0169,  -0.3858,   0.0003, 0
A,  348, TYR,  0.5476,  -0.1135,   0.0328, 0
A,  349, LEU,  0.1141,  -0.3359,   0.0020, 0
A,  350, HIS,  2.2360,   0.7528,   0.3863, 2
A,  351, SER,  0.8105,   0.0214,   0.0714, 2
A,  352, VAL,  2.2435,   0.7567,   0.3877, 2
A,  353, GLY,  0.6001,  -0.0865,   0.0395, 2
A,  354, HIS,  0.3143,  -0.2332,   0.0113, 2
A,  355, SER,  0.0271,  -0.3806,   0.0004, 0
A,  356, GLU,  0.8742,   0.0541,   0.0830, 1
A,  357, ARG,  3.6085,   1.4571,   0.6191, 1
A,  358, SER,  0.0875,  -0.3496,   0.0014, 0
A,  359, GLY,  0.0982,  -0.3441,   0.0016, 0
A,  360, GLU,  0.1490,  -0.3180,   0.0031, 0
A,  361, PRO,  1.4404,   0.3446,   0.2084, 2
A,  362, ILE,  0.5384,  -0.1182,   0.0317, 2
A,  363, GLU,  0.5245,  -0.1253,   0.0301, 2
A,  364, PRO,  0.6304,  -0.0710,   0.0434, 2
A,  365, ARG,  0.7171,  -0.0265,   0.0560, 0
A,  366, LEU,  0.3362,  -0.2220,   0.0128, 0
A,  367, SER,  0.6370,  -0.0676,   0.0443, 0
A,  368, LEU,  0.5896,  -0.0919,   0.0380, 15
A,  369, GLN,  0.5655,  -0.1043,   0.0350, 15
A,  370, TRP,  0.1939,  -0.2950,   0.0048, 15
A,  371, TRP,  1.4451,   0.3470,   0.2094, 3
A,  372, VAL,  0.0000,  -0.3945,   0.0001, 0
A,  373, ARG,  0.1496,  -0.3177,   0.0031, 0
A,  374, VAL,  0.0317,  -0.3782,   0.0005, 0
A,  375, GLU,  0.0358,  -0.3761,   0.0005, 0
A,  376, SER,  0.2292,  -0.2769,   0.0064, 0
A,  377, LEU,  0.2182,  -0.2825,   0.0059, 0
A,  378, ALA,  0.1002,  -0.3430,   0.0017, 0
A,  379, LYS,  0.1934,  -0.2952,   0.0048, 0
A,  380, ALA,  0.5611,  -0.1065,   0.0345, 0
A,  381, ALA,  0.2922,  -0.2445,   0.0099, 0
A,  382, GLY,  0.0507,  -0.3685,   0.0007, 0
A,  383, ASP,  0.3353,  -0.2224,   0.0128, 0
A,  384, ALA,  0.3741,  -0.2025,   0.0157, 0
A,  385, VAL,  0.2349,  -0.2739,   0.0067, 0
A,  386, ARG,  0.0723,  -0.3574,   0.0011, 0
A,  387, ASN,  0.3128,  -0.2340,   0.0112, 0
A,  388, GLY,  0.0429,  -0.3725,   0.0006, 0
A,  389, ASP,  0.3763,  -0.2014,   0.0159, 0
A,  390, THR,  0.1146,  -0.3357,   0.0020, 0
A,  391, VAL,  0.1490,  -0.3180,   0.0031, 0
A,  392, ILE,  0.2359,  -0.2734,   0.0068, 0
A,  393, HIS,  0.2830,  -0.2493,   0.0094, 0
A,  394, PRO,  0.2164,  -0.2834,   0.0058, 0
A,  395, ALA,  0.1929,  -0.2955,   0.0048, 0
A,  396, SER,  0.1519,  -0.3165,   0.0032, 0
A,  397, MET,  0.2276,  -0.2777,   0.0064, 0
A,  398, GLU,  0.1088,  -0.3387,   0.0019, 0
A,  399, PRO,  0.0470,  -0.3704,   0.0006, 0
A,  400, ARG,  0.2572,  -0.2625,   0.0079, 0
A,  401, TRP,  0.1359,  -0.3247,   0.0027, 0
A,  402, PHE,  0.0680,  -0.3596,   0.0010, 0
A,  403, SER,  0.1346,  -0.3254,   0.0026, 0
A,  404, TRP,  0.3919,  -0.1934,   0.0171, 0
A,  405, VAL,  0.0900,  -0.3483,   0.0014, 0
A,  406, ASP,  0.0602,  -0.3636,   0.0009, 0
A,  407, ASP,  0.2220,  -0.2806,   0.0061, 0
A,  408, MET,  0.4831,  -0.1466,   0.0256, 0
A,  409, HIS,  1.1181,   0.1792,   0.1336, 3
A,  410, ASP,  1.7057,   0.4807,   0.2711, 3
A,  411, TRP,  5.2391,   2.2937,   0.7894, 3
A,  412, CYS,  3.8850,   1.5990,   0.6549, 3
A,  413, ILE,  0.6342,  -0.0691,   0.0439, 0
A,  414, SER,  0.3046,  -0.2382,   0.0107, 0
A,  415, ARG,  5.4017,   2.3772,   0.8013, 3
A,  416, GLN,  1.0349,   0.1366,   0.1153, 15
A,  417, LEU,  0.7340,  -0.0179,   0.0587, 0
A,  418, TRP,  0.6542,  -0.0588,   0.0467, 0
A,  419, TRP,  0.1564,  -0.3142,   0.0034, 0
A,  420, GLY,  0.4149,  -0.1816,   0.0191, 6
A,  421, HIS,  0.3441,  -0.2179,   0.0134, 6
A,  422, ARG,  0.7085,  -0.0309,   0.0547, 6
A,  423, ILE,  0.1875,  -0.2983,   0.0046, 0
A,  424, PRO,  0.1585,  -0.3131,   0.0034, 6
A,  425, ILE,  0.0106,  -0.3890,   0.0002, 0
A,  426, TRP,  0.1999,  -0.2919,   0.0051, 12
A,  427, TYR,  0.2681,  -0.2569,   0.0085, 15
A,  428, GLY,  0.0428,  -0.3725,   0.0006, 0
A,  429, PRO,  0.0190,  -0.3847,   0.0003, 0
A,  430, ASP,  0.0206,  -0.3839,   0.0003, 0
A,  431, GLY,  0.0417,  -0.3731,   0.0006, 0
A,  432, GLU,  0.0536,  -0.3670,   0.0007, 0
A,  433, GLN,  0.2486,  -0.2669,   0.0074, 0
A,  434, VAL,  0.1004,  -0.3430,   0.0017, 0
A,  435, CYS,  0.0834,  -0.3517,   0.0013, 0
A,  436, VAL,  0.1238,  -0.3309,   0.0023, 0
A,  437, GLY,  0.1240,  -0.3309,   0.0023, 12
A,  438, PRO,  0.2008,  -0.2915,   0.0051, 0
A,  439, ASP,  0.0484,  -0.3697,   0.0007, 0
A,  440, GLU,  0.0916,  -0.3474,   0.0015, 12
A,  441, THR,  0.0312,  -0.3785,   0.0004, 0
A,  442, PRO,  0.0454,  -0.3712,   0.0006, 0
A,  443, PRO,  0.0460,  -0.3709,   0.0006, 0
A,  444, GLN,  0.0105,  -0.3891,   0.0002, 0
A,  445, GLY,  0.0084,  -0.3902,   0.0002, 0
A,  446, TRP,  0.0546,  -0.3665,   0.0008, 0
A,  447, GLU,  0.0476,  -0.3700,   0.0007, 0
A,  448, GLN,  0.4849,  -0.1457,   0.0258, 6
A,  449, ASP,  0.2339,  -0.2745,   0.0067, 15
A,  450, PRO,  0.3473,  -0.2163,   0.0136, 15
A,  451, ASP,  0.4225,  -0.1777,   0.0198, 15
A,  452, VAL,  0.0419,  -0.3730,   0.0006, 0
A,  453, LEU,  0.1592,  -0.3128,   0.0035, 0
A,  454, ASP,  5.7614,   2.5618,   0.8266, 1
A,  455, THR,  4.4606,   1.8943,   0.7201, 1
A,  456, TRP,  9.5998,   4.5313,   0.9553, 1
A,  457, PHE,  0.0227,  -0.3828,   0.0004, 0
A,  458, SER,  0.0000,  -0.3945,   0.0001, 0
A,  459, SER,  2.4088,   0.8415,   0.4206, 1
A,  460, ALA,  0.0000,  -0.3945,   0.0001, 0
A,  461, LEU,  0.0000,  -0.3945,   0.0001, 0
A,  462, TRP,  0.0522,  -0.3677,   0.0007, 0
A,  463, PRO,  0.1591,  -0.3128,   0.0035, 0
A,  464, PHE,  0.0522,  -0.3677,   0.0007, 0
A,  465, SER,  0.3948,  -0.1919,   0.0174, 11
A,  466, THR,  0.5108,  -0.1324,   0.0286, 11
A,  467, LEU,  0.4905,  -0.1428,   0.0264, 11
A,  468, GLY,  0.3902,  -0.1943,   0.0170, 11
A,  469, TRP,  0.3392,  -0.2204,   0.0130, 11
A,  470, PRO,  0.1890,  -0.2975,   0.0046, 0
A,  471, ASP,  0.0298,  -0.3792,   0.0004, 11
A,  472, LYS,  0.0523,  -0.3676,   0.0007, 0
A,  473, THR,  0.1636,  -0.3105,   0.0036, 0
A,  474, ALA,  0.0136,  -0.3875,   0.0003, 0
A,  475, GLU,  0.0725,  -0.3573,   0.0011, 0
A,  476, LEU,  0.0199,  -0.3843,   0.0003, 0
A,  477, GLU,  0.0632,  -0.3620,   0.0009, 0
A,  478, LYS,  0.1035,  -0.3414,   0.0017, 0
A,  479, PHE,  0.2500,  -0.2662,   0.0075, 0
A,  480, TYR,  0.2868,  -0.2473,   0.0096, 0
A,  481, PRO,  0.4531,  -0.1620,   0.0227, 0
A,  482, THR,  0.3973,  -0.1906,   0.0176, 0
A,  483, SER,  0.8806,   0.0574,   0.0843, 7
A,  484, VAL,  0.8516,   0.0425,   0.0788, 7
A,  485, LEU,  0.0000,  -0.3945,   0.0001, 0
A,  486, VAL,  0.0000,  -0.3945,   0.0001, 0
A,  487, THR,  3.8419,   1.5768,   0.6494, 0
A,  488, GLY,  4.0572,   1.6873,   0.6760, 1
A,  489, TYR,  0.8995,   0.0671,   0.0879, 0
A,  490, ASP,  6.9724,   3.1831,   0.8874, 1
A,  491, ILE,  6.7690,   3.0788,   0.8794, 1
A,  492, LEU,  0.0867,  -0.3500,   0.0013, 0
A,  493, PHE,  4.2209,   1.7713,   0.6946, 3
A,  494, PHE,  3.7321,   1.5205,   0.6354, 1
A,  495, TRP,  2.4844,   0.8803,   0.4353, 1
A,  496, VAL,  0.0818,  -0.3525,   0.0012, 0
A,  497, ALA,  0.0636,  -0.3618,   0.0009, 0
A,  498, ARG,  4.2863,   1.8049,   0.7019, 3
A,  499, MET,  0.0000,  -0.3945,   0.0001, 0
A,  500, MET,  0.1629,  -0.3109,   0.0036, 0
A,  501, MET,  0.0923,  -0.3471,   0.0015, 0
A,  502, PHE,  0.0181,  -0.3852,   0.0003, 0
A,  503, GLY,  0.1001,  -0.3431,   0.0017, 0
A,  504, THR,  0.5806,  -0.0966,   0.0369, 0
A,  505, PHE,  0.4425,  -0.1674,   0.0216, 0
A,  506, VAL,  0.1001,  -0.3431,   0.0017, 0
A,  507, GLY,  0.1564,  -0.3142,   0.0034, 0
A,  508, ASP,  0.1359,  -0.3248,   0.0027, 0
A,  509, ASP,  0.2159,  -0.2837,   0.0058, 0
A,  510, ALA,  0.0608,  -0.3633,   0.0009, 0
A,  511, ALA,  0.0548,  -0.3664,   0.0008, 0
A,  512, ILE,  0.0000,  -0.3945,   0.0001, 0
A,  513, THR,  0.0127,  -0.3880,   0.0003, 0
A,  514, LEU,  0.0176,  -0.3854,   0.0003, 0
A,  515, ASP,  0.0498,  -0.3689,   0.0007, 0
A,  516, GLY,  0.0141,  -0.3873,   0.0003, 0
A,  517, ARG,  0.0407,  -0.3736,   0.0006, 0
A,  518, ARG,  0.1033,  -0.3415,   0.0017, 0
A,  519, GLY,  0.0304,  -0.3789,   0.0004, 0
A,  520, PRO,  0.1944,  -0.2947,   0.0049, 0
A,  521, GLN,  0.3648,  -0.2073,   0.0150, 0
A,  522, VAL,  0.4142,  -0.1819,   0.0191, 0
A,  523, PRO,  0.0000,  -0.3945,   0.0001, 0
A,  524, PHE,  0.0863,  -0.3502,   0.0013, 0
A,  525, THR,  0.3724,  -0.2034,   0.0156, 0
A,  526, ASP,  0.8547,   0.0441,   0.0793, 7
A,  527, VAL,  0.0818,  -0.3525,   0.0012, 0
A,  528, PHE,  0.0712,  -0.3579,   0.0010, 0
A,  529, LEU,  0.0474,  -0.3702,   0.0006, 0
A,  530, HIS,  4.3552,   1.8402,   0.7093, 1
A,  531, GLY,  2.8582,   1.0721,   0.5029, 0
A,  532, LEU,  5.0183,   2.1805,   0.7716, 1
A,  533, ILE,  3.2323,   1.2640,   0.5642, 1
A,  534, ARG,  0.2743,  -0.2537,   0.0089, 0
A,  535, ASP,  0.0357,  -0.3761,   0.0005, 0
A,  536, GLU,  0.0697,  -0.3587,   0.0010, 0
A,  537, SER,  0.0322,  -0.3780,   0.0005, 0
A,  538, GLY,  0.0730,  -0.3570,   0.0011, 0
A,  539, ARG,  0.0983,  -0.3440,   0.0016, 0
A,  540, LYS,  1.3957,   0.3217,   0.1979, 1
A,  541, MET,  1.1791,   0.2105,   0.1475, 1
A,  542, SER,  0.4254,  -0.1762,   0.0201, 0
A,  543, LYS,  0.6459,  -0.0630,   0.0456, 1
A,  544, SER,  0.1380,  -0.3237,   0.0027, 0
A,  545, LYS,  0.1406,  -0.3223,   0.0028, 0
A,  546, GLY,  0.0140,  -0.3873,   0.0003, 0
A,  547, ASN,  0.0801,  -0.3534,   0.0012, 0
A,  548, VAL,  0.3449,  -0.2175,   0.0135, 1
A,  549, ILE,  0.1586,  -0.3131,   0.0034, 0
A,  550, ASP,  0.0937,  -0.3464,   0.0015, 0
A,  551, PRO,  0.0060,  -0.3914,   0.0002, 0
A,  552, LEU,  0.0349,  -0.3766,   0.0005, 0
A,  553, ASP,  0.0542,  -0.3667,   0.0008, 0
A,  554, TRP,  0.1264,  -0.3296,   0.0024, 0
A,  555, VAL,  0.1078,  -0.3392,   0.0019, 0
A,  556, GLU,  0.1200,  -0.3329,   0.0022, 0
A,  557, MET,  0.1319,  -0.3268,   0.0025, 0
A,  558, PHE,  0.2814,  -0.2501,   0.0093, 13
A,  559, GLY,  0.1134,  -0.3363,   0.0020, 0
A,  560, ALA,  0.0958,  -0.3453,   0.0016, 0
A,  561, ASP,  0.2306,  -0.2762,   0.0065, 13
A,  562, ALA,  0.2306,  -0.2762,   0.0065, 13
A,  563, LEU,  0.0025,  -0.3932,   0.0002, 0
A,  564, ARG,  0.0194,  -0.3845,   0.0003, 0
A,  565, PHE,  0.8156,   0.0240,   0.0723, 0
A,  566, THR,  1.0538,   0.1463,   0.1194, 0
A,  567, LEU,  0.2993,  -0.2409,   0.0104, 0
A,  568, ALA,  0.0000,  -0.3945,   0.0001, 0
A,  569, ARG,  1.5539,   0.4028,   0.2353, 0
A,  570, GLY,  0.8001,   0.0161,   0.0696, 0
A,  571, ALA,  0.3877,  -0.1956,   0.0168, 0
A,  572, SER,  0.3489,  -0.2155,   0.0137, 0
A,  573, PRO,  0.1892,  -0.2974,   0.0046, 0
A,  574, GLY,  0.4677,  -0.1545,   0.0241, 0
A,  575, GLY,  0.3639,  -0.2078,   0.0149, 0
A,  576, ASP,  0.4929,  -0.1416,   0.0266, 0
A,  577, LEU,  0.7062,  -0.0321,   0.0544, 0
A,  578, ALA,  0.4070,  -0.1856,   0.0184, 0
A,  579, VAL,  0.4147,  -0.1817,   0.0191, 0
A,  580, SER,  0.3642,  -0.2076,   0.0149, 0
A,  581, GLU,  0.1273,  -0.3292,   0.0024, 0
A,  582, ASP,  0.1725,  -0.3059,   0.0040, 0
A,  583, ALA,  1.2823,   0.2635,   0.1712, 0
A,  584, VAL,  0.3841,  -0.1974,   0.0165, 0
A,  585, ARG,  0.0914,  -0.3476,   0.0014, 0
A,  586, ALA,  0.9940,   0.1155,   0.1067, 0
A,  587, SER,  1.1191,   0.1797,   0.1338, 13
A,  588, ARG,  0.3272,  -0.2266,   0.0122, 13
A,  589, ASN,  0.2890,  -0.2462,   0.0097, 0
A,  590, PHE,  0.6818,  -0.0446,   0.0507, 0
A,  591, GLY,  0.2331,  -0.2749,   0.0066, 13
A,  592, THR,  0.3603,  -0.2096,   0.0146, 13
A,  593, LYS,  0.4776,  -0.1494,   0.0251, 0
A,  594, LEU,  0.1003,  -0.3430,   0.0017, 0
A,  595, PHE,  0.0675,  -0.3598,   0.0010, 0
A,  596, ASN,  0.2450,  -0.2688,   0.0072, 0
A,  597, ALA,  0.2010,  -0.2914,   0.0051, 0
A,  598, THR,  0.0212,  -0.3836,   0.0003, 0
A,  599, ARG,  0.0729,  -0.3570,   0.0011, 0
A,  600, TYR,  0.1210,  -0.3324,   0.0022, 0
A,  601, ALA,  0.1317,  -0.3269,   0.0025, 0
A,  602, LEU,  0.1946,  -0.2946,   0.0049, 0
A,  603, LEU,  0.2629,  -0.2596,   0.0082, 0
A,  604, ASN,  0.1605,  -0.3121,   0.0035, 0
A,  605, GLY,  0.2454,  -0.2686,   0.0073, 0
A,  606, ALA,  0.2596,  -0.2613,   0.0080, 0
A,  607, ALA,  0.3822,  -0.1984,   0.0163, 0
A,  608, PRO,  0.2588,  -0.2617,   0.0080, 0
A,  609, ALA,  0.1995,  -0.2921,   0.0051, 0
A,  610, PRO,  0.0598,  -0.3638,   0.0008, 0
A,  611, LEU,  0.7348,  -0.0174,   0.0588, 8
A,  612, PRO,  0.1610,  -0.3119,   0.0035, 0
A,  613, SER,  0.1479,  -0.3186,   0.0031, 0
A,  614, PRO,  0.3049,  -0.2380,   0.0107, 0
A,  615, ASN,  0.0566,  -0.3654,   0.0008, 0
A,  616, GLU,  0.0444,  -0.3717,   0.0006, 0
A,  617, LEU,  0.7166,  -0.0268,   0.0559, 0
A,  618, THR,  1.3010,   0.2731,   0.1756, 0
A,  619, ASP,  1.2290,   0.2361,   0.1590, 0
A,  620, ALA,  1.0871,   0.1633,   0.1266, 0
A,  621, ASP,  0.2560,  -0.2631,   0.0078, 0
A,  622, ARG,  0.6809,  -0.0451,   0.0506, 0
A,  623, TRP,  0.3737,  -0.2027,   0.0157, 0
A,  624, ILE,  0.0435,  -0.3722,   0.0006, 0
A,  625, LEU,  0.8344,   0.0337,   0.0757, 8
A,  626, GLY,  0.1388,  -0.3233,   0.0028, 0
A,  627, ARG,  0.4712,  -0.1527,   0.0244, 0
A,  628, LEU,  0.5718,  -0.1011,   0.0358, 8
A,  629, GLU,  0.2510,  -0.2657,   0.0075, 8
A,  630, GLU,  0.1898,  -0.2971,   0.0047, 0
A,  631, VAL,  0.1172,  -0.3343,   0.0021, 0
A,  632, ARG,  0.1587,  -0.3130,   0.0034, 0
A,  633, ALA,  0.0080,  -0.3904,   0.0002, 0
A,  634, GLU,  0.1277,  -0.3289,   0.0024, 0
A,  635, VAL,  0.0000,  -0.3945,   0.0001, 0
A,  636, ASP,  0.2327,  -0.2751,   0.0066, 0
A,  637, SER,  0.0601,  -0.3636,   0.0009, 0
A,  638, ALA,  0.0040,  -0.3924,   0.0002, 0
A,  639, PHE,  0.5446,  -0.1150,   0.0324, 7
A,  640, ASP,  0.9662,   0.1013,   0.1011, 7
A,  641, GLY,  0.2082,  -0.2877,   0.0054, 0
A,  642, TYR,  0.9497,   0.0928,   0.0977, 7
A,  643, GLU,  0.0939,  -0.3463,   0.0015, 0
A,  644, PHE,  0.0016,  -0.3937,   0.0002, 0
A,  645, SER,  0.0440,  -0.3719,   0.0006, 0
A,  646, ARG,  0.0351,  -0.3765,   0.0005, 0
A,  647, ALA,  0.0026,  -0.3931,   0.0002, 0
A,  648, CYS,  0.0000,  -0.3945,   0.0001, 0
A,  649, GLU,  0.4434,  -0.1670,   0.0217, 0
A,  650, SER,  0.1287,  -0.3284,   0.0024, 0
A,  651, LEU,  0.0233,  -0.3825,   0.0004, 0
A,  652, TYR,  1.4944,   0.3723,   0.2210, 0
A,  653, HIS,  0.4859,  -0.1452,   0.0259, 0
A,  654, PHE,  0.1089,  -0.3386,   0.0019, 0
A,  655, ALA,  0.0163,  -0.3861,   0.0003, 0
A,  656, TRP,  0.8906,   0.0625,   0.0861, 0
A,  657, ASP,  0.7452,  -0.0121,   0.0605, 0
A,  658, GLU,  0.4499,  -0.1636,   0.0223, 0
A,  659, PHE,  0.0163,  -0.3861,   0.0003, 0
A,  660, CYS,  0.2519,  -0.2652,   0.0076, 0
A,  661, ASP,  0.7484,  -0.0105,   0.0610, 0
A,  662, TRP,  0.5112,  -0.1322,   0.0286, 0
A,  663, TYR,  0.0000,  -0.3945,   0.0001, 0
A,  664, LEU,  0.2118,  -0.2858,   0.0056, 0
A,  665, GLU,  0.3666,  -0.2064,   0.0151, 0
A,  666, LEU,  0.6934,  -0.0387,   0.0525, 0
A,  667, ALA,  0.0330,  -0.3775,   0.0005, 0
A,  668, LYS,  0.3100,  -0.2354,   0.0110, 0
A,  669, THR,  0.5813,  -0.0962,   0.0370, 0
A,  670, GLN,  1.0536,   0.1461,   0.1193, 0
A,  671, LEU,  0.0210,  -0.3837,   0.0003, 0
A,  672, ALA,  0.0570,  -0.3652,   0.0008, 0
A,  673, GLN,  0.9955,   0.1163,   0.1070, 0
A,  674, GLY,  0.0198,  -0.3843,   0.0003, 0
A,  675, LEU,  0.8116,   0.0220,   0.0716, 0
A,  676, THR,  0.0560,  -0.3657,   0.0008, 0
A,  677, HIS,  0.0705,  -0.3583,   0.0010, 0
A,  678, THR,  0.0131,  -0.3878,   0.0003, 0
A,  679, THR,  0.0455,  -0.3711,   0.0006, 0
A,  680, ALA,  0.1768,  -0.3037,   0.0041, 0
A,  681, VAL,  0.1298,  -0.3279,   0.0025, 0
A,  682, LEU,  0.0000,  -0.3945,   0.0001, 0
A,  683, ALA,  0.1529,  -0.3160,   0.0032, 0
A,  684, ALA,  0.7959,   0.0139,   0.0689, 8
A,  685, GLY,  0.6026,  -0.0853,   0.0398, 0
A,  686, LEU,  0.0000,  -0.3945,   0.0001, 0
A,  687, ASP,  0.4314,  -0.1731,   0.0206, 8
A,  688, THR,  0.7254,  -0.0223,   0.0573, 8
A,  689, LEU,  0.0163,  -0.3861,   0.0003, 0
A,  690, LEU,  0.0000,  -0.3945,   0.0001, 0
A,  691, ARG,  0.4532,  -0.1619,   0.0227, 8
A,  692, LEU,  0.0000,  -0.3945,   0.0001, 0
A,  693, LEU,  0.0163,  -0.3861,   0.0003, 0
A,  694, HIS,  0.0707,  -0.3582,   0.0010, 0
A,  695, PRO,  0.0000,  -0.3945,   0.0001, 0
A,  696, VAL,  0.0000,  -0.3945,   0.0001, 0
A,  697, ILE,  0.1532,  -0.3159,   0.0032, 13
A,  698, PRO,  0.0000,  -0.3945,   0.0001, 0
A,  699, PHE,  0.3943,  -0.1922,   0.0173, 0
A,  700, LEU,  0.2306,  -0.2762,   0.0065, 13
A,  701, THR,  0.0000,  -0.3945,   0.0001, 0
A,  702, GLU,  0.4677,  -0.1545,   0.0241, 9
A,  703, ALA,  0.4662,  -0.1553,   0.0240, 9
A,  704, LEU,  0.1025,  -0.3419,   0.0017, 0
A,  705, TRP,  0.0249,  -0.3817,   0.0004, 0
A,  706, LEU,  0.4026,  -0.1879,   0.0180, 9
A,  707, ALA,  0.1799,  -0.3022,   0.0043, 9
A,  708, LEU,  0.1895,  -0.2972,   0.0047, 0
A,  709, THR,  0.1104,  -0.3378,   0.0019, 0
A,  710, GLY,  0.0272,  -0.3805,   0.0004, 0
A,  711, ARG,  0.2000,  -0.2919,   0.0051, 0
A,  712, GLU,  0.1314,  -0.3270,   0.0025, 0
A,  713, SER,  0.0619,  -0.3627,   0.0009, 0
A,  714, LEU,  0.0794,  -0.3537,   0.0012, 0
A,  715, VAL,  0.2747,  -0.2535,   0.0089, 0
A,  716, SER,  0.3428,  -0.2186,   0.0133, 14
A,  717, ALA,  0.1057,  -0.3402,   0.0018, 0
A,  718, ASP,  0.0799,  -0.3535,   0.0012, 0
A,  719, TRP,  0.1697,  -0.3074,   0.0039, 0
A,  720, PRO,  0.1600,  -0.3124,   0.0035, 0
A,  721, GLU,  0.2231,  -0.2800,   0.0061, 8
A,  722, PRO,  0.1013,  -0.3425,   0.0017, 0
A,  723, SER,  0.6416,  -0.0652,   0.0450, 8
A,  724, GLY,  0.0827,  -0.3521,   0.0013, 0
A,  725, ILE,  0.8944,   0.0645,   0.0869, 8
A,  726, SER,  0.2263,  -0.2784,   0.0063, 0
A,  727, VAL,  0.0984,  -0.3440,   0.0016, 0
A,  728, ASP,  0.1342,  -0.3256,   0.0026, 0
A,  729, LEU,  0.0788,  -0.3540,   0.0012, 0
A,  730, VAL,  0.1238,  -0.3309,   0.0023, 0
A,  731, ALA,  0.0707,  -0.3582,   0.0010, 0
A,  732, ALA,  0.2842,  -0.2487,   0.0094, 0
A,  733, GLN,  0.1541,  -0.3154,   0.0033, 0
A,  734, ARG,  0.2619,  -0.2601,   0.0081, 0
A,  735, ILE,  0.4961,  -0.1399,   0.0270, 0
A,  736, ASN,  0.5430,  -0.1159,   0.0322, 0
A,  737, ASP,  0.0585,  -0.3644,   0.0008, 0
A,  738, MET,  0.3566,  -0.2115,   0.0143, 0
A,  739, GLN,  0.5028,  -0.1365,   0.0277, 0
A,  740, LYS,  0.4010,  -0.1887,   0.0179, 5
A,  741, LEU,  0.2591,  -0.2615,   0.0080, 0
A,  742, VAL,  0.1701,  -0.3072,   0.0039, 0
A,  743, THR,  0.2874,  -0.2470,   0.0096, 0
A,  744, GLU,  1.1361,   0.1885,   0.1376, 5
A,  745, VAL,  0.0067,  -0.3910,   0.0002, 0
A,  746, ARG,  0.4640,  -0.1564,   0.0238, 0
A,  747, ARG,  0.3599,  -0.2098,   0.0146, 5
A,  748, PHE,  0.4211,  -0.1784,   0.0197, 0
A,  749, ARG,  0.0232,  -0.3826,   0.0004, 0
A,  750, SER,  0.0236,  -0.3824,   0.0004, 0
A,  751, ASP,  0.0665,  -0.3603,   0.0010, 0
A,  752, GLN,  0.0437,  -0.3721,   0.0006, 0
A,  753, GLY,  0.0282,  -0.3800,   0.0004, 0
A,  754, LEU,  0.0490,  -0.3693,   0.0007, 0
A,  755, ALA,  0.0108,  -0.3889,   0.0002, 0
A,  756, ASP,  0.0520,  -0.3678,   0.0007, 0
A,  757, ARG,  0.2273,  -0.2778,   0.0064, 0
A,  758, GLN,  0.0406,  -0.3736,   0.0006, 0
A,  759, LYS,  0.2972,  -0.2420,   0.0102, 0
A,  760, VAL,  0.0416,  -0.3731,   0.0006, 0
A,  761, PRO,  0.0686,  -0.3593,   0.0010, 0
A,  762, ALA,  0.2548,  -0.2637,   0.0078, 0
A,  763, ARG,  0.2862,  -0.2476,   0.0096, 0
A,  764, MET,  0.7700,   0.0006,   0.0645, 0
A,  765, HIS,  0.2545,  -0.2639,   0.0077, 0
A,  766, GLY,  0.1767,  -0.3038,   0.0041, 0
A,  767, VAL,  0.5983,  -0.0875,   0.0392, 0
A,  768, ARG,  0.1991,  -0.2923,   0.0051, 0
A,  769, ASP,  0.1195,  -0.3332,   0.0022, 0
A,  770, SER,  0.0238,  -0.3822,   0.0004, 0
A,  771, ASP,  0.0567,  -0.3654,   0.0008, 0
A,  772, LEU,  0.2749,  -0.2534,   0.0089, 0
A,  773, SER,  0.3750,  -0.2020,   0.0158, 0
A,  774, ASN,  1.4253,   0.3369,   0.2048, 0
A,  775, GLN,  1.5852,   0.4189,   0.2429, 0
A,  776, VAL,  0.8146,   0.0235,   0.0721, 0
A,  777, ALA,  0.3830,  -0.1979,   0.0164, 0
A,  778, ALA,  0.8228,   0.0277,   0.0736, 0
A,  779, VAL,  0.3104,  -0.2352,   0.0111, 0
A,  780, THR,  0.4872,  -0.1445,   0.0260, 0
A,  781, SER,  0.3357,  -0.2222,   0.0128, 0
A,  782, LEU,  0.2874,  -0.2470,   0.0096, 0
A,  783, ALA,  0.0168,  -0.3859,   0.0003, 0
A,  784, TRP,  0.3538,  -0.2129,   0.0141, 0
A,  785, LEU,  0.1420,  -0.3216,   0.0029, 0
A,  786, THR,  0.1641,  -0.3103,   0.0036, 0
A,  787, GLU,  0.0899,  -0.3483,   0.0014, 0
A,  788, PRO,  0.1702,  -0.3071,   0.0039, 0
A,  789, GLY,  0.0307,  -0.3787,   0.0004, 0
A,  790, PRO,  0.0207,  -0.3838,   0.0003, 0
A,  791, ASP,  0.0287,  -0.3798,   0.0004, 0
A,  792, PHE,  0.0235,  -0.3824,   0.0004, 0
A,  793, GLU,  0.0179,  -0.3853,   0.0003, 0
A,  794, PRO,  0.0355,  -0.3763,   0.0005, 0
A,  795, SER,  0.1761,  -0.3041,   0.0041, 0
A,  796, VAL,  0.1788,  -0.3027,   0.0042, 0
A,  797, SER,  0.4617,  -0.1575,   0.0235, 0
A,  798, LEU,  1.1052,   0.1726,   0.1307, 5
A,  799, GLU,  1.3338,   0.2899,   0.1832, 5
A,  800, VAL,  0.4096,  -0.1843,   0.0186, 5
A,  801, ARG,  0.3212,  -0.2296,   0.0118, 5
A,  802, LEU,  0.0126,  -0.3880,   0.0003, 0
A,  803, GLY,  0.0485,  -0.3696,   0.0007, 0
A,  804, PRO,  0.0840,  -0.3514,   0.0013, 0
A,  805, GLU,  0.0447,  -0.3715,   0.0006, 0
A,  806, MET,  0.3337,  -0.2233,   0.0126, 0
A,  807, ASN,  0.0313,  -0.3784,   0.0004, 0
A,  808, ARG,  0.0759,  -0.3555,   0.0011, 0
A,  809, THR,  0.0827,  -0.3520,   0.0013, 0
A,  810, VAL,  0.2811,  -0.2502,   0.0093, 0
A,  811, VAL,  0.0559,  -0.3658,   0.0008, 0
A,  812, VAL,  0.0047,  -0.3921,   0.0002, 0
A,  813, GLU,  0.0375,  -0.3752,   0.0005, 0
A,  814, LEU,  0.0000,  -0.3945,   0.0001, 0
A,  815, ASP,  0.0946,  -0.3460,   0.0015, 0
A,  816, THR,  0.1022,  -0.3420,   0.0017, 0
A,  817, SER,  0.1165,  -0.3347,   0.0021, 0
A,  818, GLY,  0.1029,  -0.3417,   0.0017, 0
A,  819, THR,  0.1015,  -0.3424,   0.0017, 0
A,  820, ILE,  0.1708,  -0.3068,   0.0039, 0
A,  821, ASP,  0.0353,  -0.3763,   0.0005, 0
A,  822, VAL,  0.0752,  -0.3559,   0.0011, 0
A,  823, ALA,  0.0147,  -0.3869,   0.0003, 0
A,  824, ALA,  0.0127,  -0.3879,   0.0003, 0
A,  825, GLU,  0.4069,  -0.1857,   0.0184, 0
A,  826, ARG,  0.0187,  -0.3849,   0.0003, 0
A,  827, ARG,  0.0241,  -0.3821,   0.0004, 0
A,  828, ARG,  0.9359,   0.0858,   0.0951, 0
A,  829, LEU,  0.5312,  -0.1219,   0.0309, 0
A,  830, GLU,  0.0186,  -0.3849,   0.0003, 0
A,  831, LYS,  0.0670,  -0.3601,   0.0010, 0
A,  832, GLU,  1.5109,   0.3808,   0.2249, 5
A,  833, LEU,  0.0285,  -0.3799,   0.0004, 0
A,  834, ALA,  0.0103,  -0.3892,   0.0002, 0
A,  835, GLY,  0.1616,  -0.3115,   0.0035, 0
A,  836, ALA,  0.2222,  -0.2805,   0.0061, 5
A,  837, GLN,  0.0825,  -0.3522,   0.0013, 0
A,  838, LYS,  0.0137,  -0.3875,   0.0003, 0
A,  839, GLU,  0.2294,  -0.2768,   0.0065, 0
A,  840, LEU,  0.0668,  -0.3602,   0.0010, 0
A,  841, ALA,  0.0145,  -0.3870,   0.0003, 0
A,  842, SER,  0.0405,  -0.3737,   0.0006, 0
A,  843, THR,  0.0230,  -0.3827,   0.0004, 0
A,  844, ALA,  0.0182,  -0.3851,   0.0003, 0
A,  845, ALA,  0.0196,  -0.3844,   0.0003, 0
A,  846, LYS,  0.1856,  -0.2992,   0.0045, 0
A,  847, LEU,  0.0271,  -0.3806,   0.0004, 0
A,  848, ALA,  0.0132,  -0.3877,   0.0003, 0
A,  849, ASN,  0.0275,  -0.3803,   0.0004, 0
A,  850, ALA,  0.0116,  -0.3885,   0.0002, 0
A,  851, ASP,  0.0176,  -0.3854,   0.0003, 0
A,  852, PHE,  0.1712,  -0.3066,   0.0039, 0
A,  853, LEU,  0.0286,  -0.3798,   0.0004, 0
A,  854, ALA,  0.0180,  -0.3852,   0.0003, 0
A,  855, LYS,  0.0311,  -0.3785,   0.0004, 0
A,  856, ALA,  0.1009,  -0.3427,   0.0017, 0
A,  857, PRO,  0.0822,  -0.3523,   0.0013, 0
A,  858, ASP,  0.0200,  -0.3842,   0.0003, 0
A,  859, ALA,  0.0231,  -0.3826,   0.0004, 0
A,  860, VAL,  0.2066,  -0.2885,   0.0054, 0
A,  861, ILE,  0.0344,  -0.3768,   0.0005, 0
A,  862, ALA,  0.0134,  -0.3876,   0.0003, 0
A,  863, LYS,  0.1431,  -0.3210,   0.0029, 0
A,  864, ILE,  0.1615,  -0.3116,   0.0035, 0
A,  865, ARG,  0.0381,  -0.3749,   0.0005, 0
A,  866, ASP,  0.0985,  -0.3439,   0.0016, 0
A,  867, ARG,  0.2882,  -0.2466,   0.0097, 0
A,  868, GLN,  0.0364,  -0.3758,   0.0005, 0
A,  869, ARG,  0.0339,  -0.3771,   0.0005, 0
A,  870, VAL,  0.4739,  -0.1513,   0.0247, 0
A,  871, ALA,  0.3124,  -0.2342,   0.0112, 0
A,  872, GLN,  0.0731,  -0.3570,   0.0011, 0
A,  873, GLN,  0.0485,  -0.3696,   0.0007, 0
A,  874, GLU,  1.5603,   0.4061,   0.2369, 5
A,  875, THR,  0.1446,  -0.3203,   0.0030, 0
A,  876, GLU,  0.0167,  -0.3859,   0.0003, 0
A,  877, ARG,  1.3876,   0.3175,   0.1960, 5
A,  878, ILE,  0.7505,  -0.0094,   0.0613, 0
A,  879, THR,  0.0240,  -0.3821,   0.0004, 0
A,  880, THR,  0.0303,  -0.3789,   0.0004, 0
A,  881, ARG,  0.6482,  -0.0619,   0.0459, 0
A,  882, LEU,  0.0566,  -0.3654,   0.0008, 0
A,  883, ALA,  0.0074,  -0.3907,   0.0002, 0
A,  884, ALA,  0.0392,  -0.3744,   0.0005, 0
A,  885, LEU,  0.1724,  -0.3060,   0.0040, 0
A,  886, GLN,  0.0192,  -0.3846,   0.0003, 0
